Jack1,18,汉族,北京
Jack1,18,汉族,北京
Jack1,18,汉族,北京
Jack1,18,汉族,北京
Jack1,18,汉族,北京
Jack1,18,汉族,北京
Jack1,18,汉族,北京
Jack1,18,汉族,北京
Jack1,18,汉族,北京
Jack1,18,汉族,北京
Jack1,18,汉族,北京
Jack1,18,汉族,北京
Jack1,18,汉族,北京
Jack1,18,汉族,北京
Jack1,18,汉族,北京
Jack1,18,汉族,北京
Jack1,18,汉族,北京
Jack1,18,汉族,北京
Jack1,18,汉族,北京
laowang,22,非汉族,内蒙古
laowang,22,非汉族,内蒙古
laowang,22,非汉族,内蒙古
laowang,22,非汉族,内蒙古
laowang,22,非汉族,内蒙古
laowang,22,非汉族,内蒙古
laowang,22,非汉族,内蒙古
laowang,22,非汉族,内蒙古
laowang,22,非汉族,内蒙古
laowang,22,非汉族,内蒙古
laowang,22,非汉族,内蒙古
laowang,22,非汉族,内蒙古
laowang,22,非汉族,内蒙古
laowang,22,非汉族,内蒙古
laowang,22,非汉族,内蒙古
Jack1,18,汉族,北京
Jack1,18,汉族,北京
Jack1,18,汉族,北京
Jack1,18,汉族,北京
Jack1,18,汉族,北京
Jack1,18,汉族,北京
Jack1,18,汉族,北京
Jack1,18,汉族,北京
Jack1,18,汉族,北京
Jack1,18,汉族,北京
Jack1,18,汉族,北京
Jack1,18,汉族,北京
Jack1,18,汉族,北京
Jack1,18,汉族,北京
Jack1,18,汉族,北京
Jack1,18,汉族,北京
Jack1,18,汉族,北京
Jack1,18,汉族,北京
Jack1,18,汉族,北京
laowang,22,非汉族,内蒙古
laowang,22,非汉族,内蒙古
laowang,22,非汉族,内蒙古
laowang,22,非汉族,内蒙古
laowang,22,非汉族,内蒙古
laowang,22,非汉族,内蒙古
laowang,22,非汉族,内蒙古
laowang,22,非汉族,内蒙古
laowang,22,非汉族,内蒙古
laowang,22,非汉族,内蒙古
laowang,22,非汉族,内蒙古
laowang,22,非汉族,内蒙古
laowang,22,非汉族,内蒙古
laowang,22,非汉族,内蒙古
laowang,22,非汉族,内蒙古
Jack1,18,汉族,北京
Jack1,18,汉族,北京
Jack1,18,汉族,北京
Jack1,18,汉族,北京
Jack1,18,汉族,北京
Jack1,18,汉族,北京
Jack1,18,汉族,北京
Jack1,18,汉族,北京
Jack1,18,汉族,北京
Jack1,18,汉族,北京
Jack1,18,汉族,北京
Jack1,18,汉族,北京
Jack1,18,汉族,北京
Jack1,18,汉族,北京
Jack1,18,汉族,北京
Jack1,18,汉族,北京
Jack1,18,汉族,北京
Jack1,18,汉族,北京
Jack1,18,汉族,北京
laowang,22,非汉族,内蒙古
laowang,22,非汉族,内蒙古
laowang,22,非汉族,内蒙古
laowang,22,非汉族,内蒙古
laowang,22,非汉族,内蒙古
laowang,22,非汉族,内蒙古
laowang,22,非汉族,内蒙古
laowang,22,非汉族,内蒙古
laowang,22,非汉族,内蒙古
laowang,22,非汉族,内蒙古
laowang,22,非汉族,内蒙古
laowang,22,非汉族,内蒙古
laowang,22,非汉族,内蒙古
laowang,22,非汉族,内蒙古
laowang,22,非汉族,内蒙古
Jack1,18,汉族,北京
Jack1,18,汉族,北京
Jack1,18,汉族,北京
Jack1,18,汉族,北京
Jack1,18,汉族,北京
Jack1,18,汉族,北京
Jack1,18,汉族,北京
Jack1,18,汉族,北京
Jack1,18,汉族,北京
Jack1,18,汉族,北京
Jack1,18,汉族,北京
Jack1,18,汉族,北京
Jack1,18,汉族,北京
Jack1,18,汉族,北京
Jack1,18,汉族,北京
Jack1,18,汉族,北京
Jack1,18,汉族,北京
Jack1,18,汉族,北京
Jack1,18,汉族,北京
laowang,22,非汉族,内蒙古
laowang,22,非汉族,内蒙古
laowang,22,非汉族,内蒙古
laowang,22,非汉族,内蒙古
laowang,22,非汉族,内蒙古
laowang,22,非汉族,内蒙古
laowang,22,非汉族,内蒙古
laowang,22,非汉族,内蒙古
laowang,22,非汉族,内蒙古
laowang,22,非汉族,内蒙古
laowang,22,非汉族,内蒙古
laowang,22,非汉族,内蒙古
laowang,22,非汉族,内蒙古
laowang,22,非汉族,内蒙古
laowang,22,非汉族,内蒙古
Jack1,18,汉族,北京
Jack1,18,汉族,北京
Jack1,18,汉族,北京
Jack1,18,汉族,北京
Jack1,18,汉族,北京
Jack1,18,汉族,北京
Jack1,18,汉族,北京
Jack1,18,汉族,北京
Jack1,18,汉族,北京
Jack1,18,汉族,北京
Jack1,18,汉族,北京
Jack1,18,汉族,北京
Jack1,18,汉族,北京
Jack1,18,汉族,北京
Jack1,18,汉族,北京
Jack1,18,汉族,北京
Jack1,18,汉族,北京
Jack1,18,汉族,北京
Jack1,18,汉族,北京
laowang,22,非汉族,内蒙古
laowang,22,非汉族,内蒙古
laowang,22,非汉族,内蒙古
laowang,22,非汉族,内蒙古
laowang,22,非汉族,内蒙古
laowang,22,非汉族,内蒙古
laowang,22,非汉族,内蒙古
laowang,22,非汉族,内蒙古
laowang,22,非汉族,内蒙古
laowang,22,非汉族,内蒙古
laowang,22,非汉族,内蒙古
laowang,22,非汉族,内蒙古
laowang,22,非汉族,内蒙古
laowang,22,非汉族,内蒙古
laowang,22,非汉族,内蒙古
Jack1,18,汉族,北京
Jack1,18,汉族,北京
Jack1,18,汉族,北京
Jack1,18,汉族,北京
Jack1,18,汉族,北京
Jack1,18,汉族,北京
Jack1,18,汉族,北京
Jack1,18,汉族,北京
Jack1,18,汉族,北京
Jack1,18,汉族,北京
Jack1,18,汉族,北京
Jack1,18,汉族,北京
Jack1,18,汉族,北京
Jack1,18,汉族,北京
Jack1,18,汉族,北京
Jack1,18,汉族,北京
Jack1,18,汉族,北京
Jack1,18,汉族,北京
Jack1,18,汉族,北京
laowang,22,非汉族,内蒙古
laowang,22,非汉族,内蒙古
laowang,22,非汉族,内蒙古
laowang,22,非汉族,内蒙古
laowang,22,非汉族,内蒙古
laowang,22,非汉族,内蒙古
laowang,22,非汉族,内蒙古
laowang,22,非汉族,内蒙古
laowang,22,非汉族,内蒙古
laowang,22,非汉族,内蒙古
laowang,22,非汉族,内蒙古
laowang,22,非汉族,内蒙古
laowang,22,非汉族,内蒙古
laowang,22,非汉族,内蒙古
laowang,22,非汉族,内蒙古
Jack1,18,汉族,北京
Jack1,18,汉族,北京
Jack1,18,汉族,北京
Jack1,18,汉族,北京
Jack1,18,汉族,北京
Jack1,18,汉族,北京
Jack1,18,汉族,北京
Jack1,18,汉族,北京
Jack1,18,汉族,北京
Jack1,18,汉族,北京
Jack1,18,汉族,北京
Jack1,18,汉族,北京
Jack1,18,汉族,北京
Jack1,18,汉族,北京
Jack1,18,汉族,北京
Jack1,18,汉族,北京
Jack1,18,汉族,北京
Jack1,18,汉族,北京
Jack1,18,汉族,北京
laowang,22,非汉族,内蒙古
laowang,22,非汉族,内蒙古
laowang,22,非汉族,内蒙古
laowang,22,非汉族,内蒙古
laowang,22,非汉族,内蒙古
laowang,22,非汉族,内蒙古
laowang,22,非汉族,内蒙古
laowang,22,非汉族,内蒙古
laowang,22,非汉族,内蒙古
laowang,22,非汉族,内蒙古
laowang,22,非汉族,内蒙古
laowang,22,非汉族,内蒙古
laowang,22,非汉族,内蒙古
laowang,22,非汉族,内蒙古
laowang,22,非汉族,内蒙古
Jack1,18,汉族,北京
Jack1,18,汉族,北京
Jack1,18,汉族,北京
Jack1,18,汉族,北京
Jack1,18,汉族,北京
Jack1,18,汉族,北京
Jack1,18,汉族,北京
Jack1,18,汉族,北京
Jack1,18,汉族,北京
Jack1,18,汉族,北京
Jack1,18,汉族,北京
Jack1,18,汉族,北京
Jack1,18,汉族,北京
Jack1,18,汉族,北京
Jack1,18,汉族,北京
Jack1,18,汉族,北京
Jack1,18,汉族,北京
Jack1,18,汉族,北京
Jack1,18,汉族,北京
laowang,22,非汉族,内蒙古
laowang,22,非汉族,内蒙古
laowang,22,非汉族,内蒙古
laowang,22,非汉族,内蒙古
laowang,22,非汉族,内蒙古
laowang,22,非汉族,内蒙古
laowang,22,非汉族,内蒙古
laowang,22,非汉族,内蒙古
laowang,22,非汉族,内蒙古
laowang,22,非汉族,内蒙古
laowang,22,非汉族,内蒙古
laowang,22,非汉族,内蒙古
laowang,22,非汉族,内蒙古
laowang,22,非汉族,内蒙古
laowang,22,非汉族,内蒙古